{
	"class_name" : "PinholeCameraParameters",
	"extrinsic" : 
	[
		0.89781297587204967,
		-0.33485539071626358,
		0.28601350958308408,
		0.0,
		-0.43286834559791054,
		-0.55161997164605903,
		0.71297994520219787,
		0.0,
		-0.080974414076931511,
		-0.76392884105095793,
		-0.6401998672878948,
		0.0,
		-5.4030284098998595e-05,
		-0.00080598220696638198,
		-0.0001960751772110279,
		1.0
	],
	"intrinsic" : 
	{
		"height" : 1080,
		"intrinsic_matrix" : 
		[
			935.30743608719376,
			0.0,
			0.0,
			0.0,
			935.30743608719376,
			0.0,
			959.5,
			539.5,
			1.0
		],
		"width" : 1920
	},
	"version_major" : 1,
	"version_minor" : 0
}